"","eco_avg","n","sd","se"
"1",0.82875605815832,1857,0.376823459258291,0.00874443955786442
