"","year","ecoli_avg","n","sd","se"
"1","2013",0.757142857142857,140,0.430349173462308,0.036371143497057
"2","2014",0.841860465116279,215,0.365723299559796,0.0249421220112245
"3","2015",0.828282828282828,297,0.377770952709301,0.0219204939785953
"4","2016",0.826979472140763,341,0.378820882927636,0.0205143009514129
"5","2017",0.818181818181818,352,0.386243639668214,0.0205868551662654
"6","2018",0.832167832167832,286,0.374372250921253,0.0221370952684072
"7","2019",0.890995260663507,211,0.312386291657504,0.0215055592080475
"8","2020",0.615384615384615,13,0.506369683541833,0.140441681411581
