"","year","ecoli_avg","n","sd","se"
"1","2017",0.819209039548023,354,0.385389610194801,0.0204832266811523
"2","2018",0.832167832167832,286,0.374372250921253,0.0221370952684072
"3","2019",0.87906976744186,215,0.326807082147151,0.0222880580123219
"4","2020",0.583333333333333,12,0.514928650544437,0.148647097502641
