"","year","entero_avg","n","sd","se"
"1","2020",0.716981132075472,53,0.454776297102637,0.0624683286405148
