"","station_id","ent_avg","n","sd","se"
"1","C01",1,16,0,0
"2","H02",1,1,NA,NA
"3","J04",0,1,NA,NA
"4","J05",1,16,0,0
"5","J09",0,1,NA,NA
"6","J25",0,2,0,0
"7","J35",1,1,NA,NA
"8","P05",0.25,16,0.447213595499958,0.111803398874989
"9","VDH-AP",1,7,0,0
"10","VDH-HB",0.857142857142857,7,0.377964473009227,0.142857142857143
"11","VDH-HTP",1,7,0,0
"12","VDH-KL",1,7,0,0
