"","ent_avg","n","sd","se"
"1",0.792682926829268,82,0.407879335765388,0.0450427375029666
